file,size,name_ts,mtime,n_events,n_graph_events,graph_nodes,has_adam_or_gradients,file_version,n_summary_values,summary_tags,steps_min,steps_max,wall_first,wall_last,n_placeholders,n_variables
events.out.tfevents.1642184246.kelin-HP-Z1-G8-Tower-Desktop-PC,496858,2022-01-14 18:17:26,2022-01-14 18:18:34,3,1,928,False,brain.Event:2,0,,,,2022-01-14 18:17:26,2022-01-14 18:17:26,2,51
events.out.tfevents.1642184316.kelin-HP-Z1-G8-Tower-Desktop-PC,496858,2022-01-14 18:18:36,2022-01-14 18:28:28,3,1,928,False,brain.Event:2,0,,,,2022-01-14 18:18:36,2022-01-14 18:18:36,2,51
events.out.tfevents.1642184910.kelin-HP-Z1-G8-Tower-Desktop-PC,496858,2022-01-14 18:28:30,2022-01-14 18:29:33,3,1,928,False,brain.Event:2,0,,,,2022-01-14 18:28:30,2022-01-14 18:28:30,2,51
events.out.tfevents.1642184975.kelin-HP-Z1-G8-Tower-Desktop-PC,496858,2022-01-14 18:29:35,2022-01-14 18:30:01,3,1,928,False,brain.Event:2,0,,,,2022-01-14 18:29:35,2022-01-14 18:29:35,2,51
events.out.tfevents.1642185005.kelin-HP-Z1-G8-Tower-Desktop-PC,496858,2022-01-14 18:30:05,2022-01-14 18:30:37,3,1,928,False,brain.Event:2,0,,,,2022-01-14 18:30:05,2022-01-14 18:30:05,2,51
events.out.tfevents.1642185039.kelin-HP-Z1-G8-Tower-Desktop-PC,493874,2022-01-14 18:30:39,2022-01-14 18:30:39,3,1,928,False,brain.Event:2,0,,,,2022-01-14 18:30:39,2022-01-14 18:30:39,2,51
events.out.tfevents.1642610075.kelin-HP-Z1-G8-Tower-Desktop-PC,493874,2022-01-19 16:34:35,2022-01-19 16:34:35,3,1,928,False,brain.Event:2,0,,,,2022-01-19 16:34:35,2022-01-19 16:34:35,2,51
events.out.tfevents.1642610977.kelin-HP-Z1-G8-Tower-Desktop-PC,493874,2022-01-19 16:49:37,2022-01-19 16:49:37,3,1,928,False,brain.Event:2,0,,,,2022-01-19 16:49:37,2022-01-19 16:49:37,2,51
events.out.tfevents.1642611136.kelin-HP-Z1-G8-Tower-Desktop-PC,493874,2022-01-19 16:52:16,2022-01-19 16:52:16,3,1,928,False,brain.Event:2,0,,,,2022-01-19 16:52:16,2022-01-19 16:52:16,2,51
events.out.tfevents.1642611248.kelin-HP-Z1-G8-Tower-Desktop-PC,496858,2022-01-19 16:54:08,2022-01-19 16:54:48,3,1,928,False,brain.Event:2,0,,,,2022-01-19 16:54:08,2022-01-19 16:54:08,2,51
events.out.tfevents.1642611290.kelin-HP-Z1-G8-Tower-Desktop-PC,496858,2022-01-19 16:54:50,2022-01-19 16:55:51,3,1,928,False,brain.Event:2,0,,,,2022-01-19 16:54:50,2022-01-19 16:54:50,2,51
events.out.tfevents.1644265601.kelin-HP-Z1-G8-Tower-Desktop-PC,496858,2022-02-07 20:26:41,2022-02-07 20:27:11,3,1,928,False,brain.Event:2,0,,,,2022-02-07 20:26:41,2022-02-07 20:26:41,2,51
events.out.tfevents.1644265883.kelin-HP-Z1-G8-Tower-Desktop-PC,493874,2022-02-07 20:31:23,2022-02-07 20:31:23,3,1,928,False,brain.Event:2,0,,,,2022-02-07 20:31:23,2022-02-07 20:31:23,2,51
events.out.tfevents.1644266003.kelin-HP-Z1-G8-Tower-Desktop-PC,493874,2022-02-07 20:33:23,2022-02-07 20:33:23,3,1,928,False,brain.Event:2,0,,,,2022-02-07 20:33:23,2022-02-07 20:33:23,2,51
events.out.tfevents.1644266020.kelin-HP-Z1-G8-Tower-Desktop-PC,493874,2022-02-07 20:33:40,2022-02-07 20:33:40,3,1,928,False,brain.Event:2,0,,,,2022-02-07 20:33:40,2022-02-07 20:33:40,2,51
events.out.tfevents.1644266160.kelin-HP-Z1-G8-Tower-Desktop-PC,496858,2022-02-07 20:36:00,2022-02-07 20:37:12,3,1,928,False,brain.Event:2,0,,,,2022-02-07 20:36:00,2022-02-07 20:36:00,2,51
events.out.tfevents.1644266247.kelin-HP-Z1-G8-Tower-Desktop-PC,496858,2022-02-07 20:37:27,2022-02-07 20:38:08,3,1,928,False,brain.Event:2,0,,,,2022-02-07 20:37:27,2022-02-07 20:37:27,2,51
events.out.tfevents.1644266293.kelin-HP-Z1-G8-Tower-Desktop-PC,496858,2022-02-07 20:38:13,2022-02-07 20:38:23,3,1,928,False,brain.Event:2,0,,,,2022-02-07 20:38:13,2022-02-07 20:38:13,2,51
events.out.tfevents.1644266308.kelin-HP-Z1-G8-Tower-Desktop-PC,496858,2022-02-07 20:38:28,2022-02-07 20:38:36,3,1,928,False,brain.Event:2,0,,,,2022-02-07 20:38:28,2022-02-07 20:38:28,2,51
events.out.tfevents.1644266392.kelin-HP-Z1-G8-Tower-Desktop-PC,493874,2022-02-07 20:39:52,2022-02-07 20:39:52,3,1,928,False,brain.Event:2,0,,,,2022-02-07 20:39:52,2022-02-07 20:39:52,2,51
events.out.tfevents.1644266482.kelin-HP-Z1-G8-Tower-Desktop-PC,496858,2022-02-07 20:41:22,2022-02-07 20:43:05,3,1,928,False,brain.Event:2,0,,,,2022-02-07 20:41:22,2022-02-07 20:41:22,2,51
events.out.tfevents.1644266728.kelin-HP-Z1-G8-Tower-Desktop-PC,496858,2022-02-07 20:45:28,2022-02-07 20:45:38,3,1,928,False,brain.Event:2,0,,,,2022-02-07 20:45:28,2022-02-07 20:45:28,2,51
events.out.tfevents.1644266777.kelin-HP-Z1-G8-Tower-Desktop-PC,496858,2022-02-07 20:46:17,2022-02-07 20:46:26,3,1,928,False,brain.Event:2,0,,,,2022-02-07 20:46:17,2022-02-07 20:46:17,2,51
events.out.tfevents.1644266858.kelin-HP-Z1-G8-Tower-Desktop-PC,496858,2022-02-07 20:47:38,2022-02-07 20:48:43,3,1,928,False,brain.Event:2,0,,,,2022-02-07 20:47:38,2022-02-07 20:47:38,2,51
events.out.tfevents.1644267171.kelin-HP-Z1-G8-Tower-Desktop-PC,496858,2022-02-07 20:52:51,2022-02-07 20:52:59,3,1,928,False,brain.Event:2,0,,,,2022-02-07 20:52:51,2022-02-07 20:52:51,2,51
events.out.tfevents.1644267196.kelin-HP-Z1-G8-Tower-Desktop-PC,496858,2022-02-07 20:53:16,2022-02-07 21:03:44,3,1,928,False,brain.Event:2,0,,,,2022-02-07 20:53:16,2022-02-07 20:53:16,2,51
events.out.tfevents.1644267855.kelin-HP-Z1-G8-Tower-Desktop-PC,418950,2022-02-07 21:04:15,2022-02-07 21:04:54,3,1,699,False,brain.Event:2,0,,,,2022-02-07 21:04:15,2022-02-07 21:04:15,2,51
events.out.tfevents.1644267897.kelin-HP-Z1-G8-Tower-Desktop-PC,418950,2022-02-07 21:04:57,2022-02-07 21:06:52,3,1,699,False,brain.Event:2,0,,,,2022-02-07 21:04:57,2022-02-07 21:04:57,2,51
events.out.tfevents.1644268014.kelin-HP-Z1-G8-Tower-Desktop-PC,418950,2022-02-07 21:06:54,2022-02-07 21:08:21,3,1,699,False,brain.Event:2,0,,,,2022-02-07 21:06:54,2022-02-07 21:06:54,2,51
events.out.tfevents.1644268103.kelin-HP-Z1-G8-Tower-Desktop-PC,418950,2022-02-07 21:08:23,2022-02-07 21:09:06,3,1,699,False,brain.Event:2,0,,,,2022-02-07 21:08:23,2022-02-07 21:08:23,2,51
events.out.tfevents.1644268151.kelin-HP-Z1-G8-Tower-Desktop-PC,418950,2022-02-07 21:09:11,2022-02-07 21:18:54,3,1,699,False,brain.Event:2,0,,,,2022-02-07 21:09:11,2022-02-07 21:09:11,2,51
events.out.tfevents.1644268915.kelin-HP-Z1-G8-Tower-Desktop-PC,418950,2022-02-07 21:21:55,2022-02-07 21:22:24,3,1,699,False,brain.Event:2,0,,,,2022-02-07 21:21:55,2022-02-07 21:21:55,2,51
events.out.tfevents.1644268953.kelin-HP-Z1-G8-Tower-Desktop-PC,493874,2022-02-07 21:22:33,2022-02-07 21:22:33,3,1,928,False,brain.Event:2,0,,,,2022-02-07 21:22:33,2022-02-07 21:22:33,2,51
events.out.tfevents.1644269195.kelin-HP-Z1-G8-Tower-Desktop-PC,493874,2022-02-07 21:26:35,2022-02-07 21:26:35,3,1,928,False,brain.Event:2,0,,,,2022-02-07 21:26:35,2022-02-07 21:26:35,2,51
events.out.tfevents.1644269291.kelin-HP-Z1-G8-Tower-Desktop-PC,496858,2022-02-07 21:28:11,2022-02-07 21:28:23,3,1,928,False,brain.Event:2,0,,,,2022-02-07 21:28:11,2022-02-07 21:28:11,2,51
events.out.tfevents.1644269408.kelin-HP-Z1-G8-Tower-Desktop-PC,493874,2022-02-07 21:30:08,2022-02-07 21:30:08,3,1,928,False,brain.Event:2,0,,,,2022-02-07 21:30:08,2022-02-07 21:30:08,2,51
events.out.tfevents.1644269529.kelin-HP-Z1-G8-Tower-Desktop-PC,493874,2022-02-07 21:32:09,2022-02-07 21:32:09,3,1,928,False,brain.Event:2,0,,,,2022-02-07 21:32:09,2022-02-07 21:32:09,2,51
events.out.tfevents.1644269572.kelin-HP-Z1-G8-Tower-Desktop-PC,493874,2022-02-07 21:32:52,2022-02-07 21:32:52,3,1,928,False,brain.Event:2,0,,,,2022-02-07 21:32:52,2022-02-07 21:32:52,2,51
events.out.tfevents.1644272166.kelin-HP-Z1-G8-Tower-Desktop-PC,418950,2022-02-07 22:16:06,2022-02-07 22:16:29,3,1,699,False,brain.Event:2,0,,,,2022-02-07 22:16:06,2022-02-07 22:16:06,2,51
events.out.tfevents.1644274989.kelin-HP-Z1-G8-Tower-Desktop-PC,418950,2022-02-07 23:03:09,2022-02-07 23:06:17,3,1,699,False,brain.Event:2,0,,,,2022-02-07 23:03:09,2022-02-07 23:03:09,2,51
events.out.tfevents.1644275179.kelin-HP-Z1-G8-Tower-Desktop-PC,418950,2022-02-07 23:06:19,2022-02-07 23:08:20,3,1,699,False,brain.Event:2,0,,,,2022-02-07 23:06:19,2022-02-07 23:06:19,2,51
events.out.tfevents.1644330667.kelin-HP-Z1-G8-Tower-Desktop-PC,418950,2022-02-08 14:31:07,2022-02-08 14:31:18,3,1,699,False,brain.Event:2,0,,,,2022-02-08 14:31:07,2022-02-08 14:31:07,2,51
events.out.tfevents.1644330713.kelin-HP-Z1-G8-Tower-Desktop-PC,418950,2022-02-08 14:31:53,2022-02-08 14:32:04,3,1,699,False,brain.Event:2,0,,,,2022-02-08 14:31:53,2022-02-08 14:31:53,2,51
