step,wall_time,simple_value,other_fields
None,1630708449.6042237,0.6807115077972412,
1,1630708683.5636353,0.5040978193283081,
2,1630708915.2719557,0.6007848381996155,
3,1630709148.8525603,0.5073255896568298,
4,1630709380.475753,0.47101911902427673,
5,1630709612.9733467,0.48750874400138855,
6,1630709843.0683975,0.45114532113075256,
7,1630710078.5371675,0.6862370371818542,
8,1630710309.7291837,0.5069728493690491,
9,1630710543.9434958,0.4494657516479492,
10,1630710775.069771,0.6244038939476013,
11,1630711011.5472806,0.4884161055088043,
12,1630711244.640395,0.46902719140052795,
13,1630711476.3998847,0.6218796372413635,
14,1630711710.9735694,0.41576752066612244,
15,1630711944.1564715,0.4811767041683197,
16,1630712177.5077837,0.6094608306884766,
17,1630712411.4596007,0.4261941909790039,
18,1630712643.435594,0.4345206320285797,
19,1630712874.673494,0.5823225378990173,
20,1630713110.230406,0.6299325823783875,
21,1630713343.6712387,0.48282694816589355,
22,1630713574.7483437,0.4814026355743408,
23,1630713803.6814008,1.4729799032211304,
24,1630714035.9677699,0.6908696293830872,
25,1630714272.1168272,0.6684236526489258,
26,1630714503.1404898,0.4726525843143463,
27,1630714735.9770732,0.5207141041755676,
28,1630714973.1015413,0.6316697001457214,
29,1630715199.8025894,0.48544228076934814,
30,1630715429.0785573,0.4379521906375885,
31,1630715660.8096385,0.6791637539863586,
32,1630715891.3606844,0.692951500415802,
33,1630716125.7005825,0.4756689965724945,
34,1630716362.0749328,0.5041244626045227,
35,1630716595.6935797,0.5062726140022278,
36,1630716834.1025314,0.4721214771270752,
37,1630717067.1440933,0.6220343708992004,
38,1630717300.0159278,0.4535842835903168,
39,1630717530.254446,0.6847683787345886,
40,1630717759.6023934,0.4132748544216156,
41,1630717995.2161288,0.5047042369842529,
42,1630718224.7331817,0.6038904190063477,
43,1630718459.7414675,0.5792896747589111,
44,1630718689.2334762,0.6337767839431763,
45,1630718919.3795326,0.723661482334137,
46,1630719148.0433319,0.5254185795783997,
47,1630719383.00315,0.6260390877723694,
48,1630719616.5486078,0.6375015377998352,
49,1630719847.3965306,0.483872652053833,
50,1630720079.2048028,0.4880610406398773,
51,1630720308.8624523,0.517580509185791,
52,1630720539.8233979,0.6316041350364685,
53,1630720773.8833585,0.4075396955013275,
54,1630721003.0950935,0.4502144753932953,
55,1630721237.2904594,0.4722123146057129,
56,1630721468.1619413,0.46285462379455566,
57,1630721703.0880663,0.5763392448425293,
58,1630721940.6374784,0.43438681960105896,
59,1630722175.61253,0.48321405053138733,
60,1630722408.4918423,0.5973027348518372,
61,1630722645.2333035,0.6471746563911438,
62,1630722877.7325497,0.5885836482048035,
63,1630723109.1098473,0.44437673687934875,
64,1630723340.7586904,0.5246846079826355,
65,1630723570.790805,0.5074878334999084,
66,1630723803.0792856,0.5345373153686523,
67,1630724031.2695029,0.47808781266212463,
68,1630724261.9935613,0.49372875690460205,
69,1630724492.4785395,0.3867180645465851,
70,1630724725.2036762,0.3947969377040863,
71,1630724953.6084874,0.39525315165519714,
72,1630725183.7529533,0.603352963924408,
73,1630725415.7489762,0.6281343102455139,
74,1630725644.4981587,0.5947827696800232,
75,1630725872.3151565,0.47986331582069397,
76,1630726104.2223394,0.5255374312400818,
77,1630726337.6845171,0.4988243579864502,
78,1630726570.16558,0.4130837917327881,
79,1630726801.572855,0.5346762537956238,
80,1630727031.9244957,0.43337735533714294,
81,1630727263.8677065,0.6238054633140564,
82,1630727494.496271,0.41240477561950684,
83,1630727725.9670956,0.44535961747169495,
84,1630727956.60025,0.4431673288345337,
85,1630728190.0760522,0.5528197288513184,
86,1630728419.5455844,0.616870105266571,
87,1630728651.9901907,0.36933258175849915,
88,1630728882.438342,0.44512903690338135,
89,1630729113.5439584,0.37868013978004456,
90,1630729345.3876014,0.40695786476135254,
91,1630729577.5680077,0.552288293838501,
92,1630729806.9379046,0.5836982131004333,
93,1630730041.3650138,0.588701069355011,
94,1630730273.6566362,0.4713599681854248,
95,1630730506.7787335,0.4432314336299896,
96,1630730741.3225381,0.40343618392944336,
97,1630730970.0312731,0.5818466544151306,
98,1630731203.040131,0.6102681756019592,
99,1630731432.951449,0.5804107189178467,
100,1630731663.047577,0.6647815704345703,
101,1630731894.1998918,0.5651862621307373,
102,1630732128.8893566,0.5585517287254333,
103,1630732358.351441,0.6227551102638245,
104,1630732586.5087686,0.4635496139526367,
105,1630732814.7910297,0.41930219531059265,
106,1630733044.7641544,0.5534494519233704,
107,1630733274.0986679,0.5836889743804932,
108,1630733505.3520272,0.46888303756713867,
109,1630733737.2068756,0.6057204604148865,
110,1630733970.8726032,0.5230439901351929,
111,1630734198.6287177,0.46938416361808777,
112,1630734427.4691482,0.5907848477363586,
113,1630734655.5088763,0.49882861971855164,
114,1630734888.7251396,0.6085590720176697,
115,1630735121.4205096,0.6711896061897278,
116,1630735349.5272038,0.5657498836517334,
117,1630735585.9396882,0.48464593291282654,
118,1630735817.0722587,0.5693982243537903,
119,1630736043.8083127,0.5504415035247803,
120,1630736274.571664,0.5395063757896423,
121,1630736506.0839224,0.5684576630592346,
122,1630736732.2575533,0.41949453949928284,
123,1630736961.069436,0.5080490708351135,
124,1630737187.3061876,0.48496368527412415,
125,1630737416.1616595,0.6310470700263977,
126,1630737648.5505092,0.35810473561286926,
127,1630737878.9754617,0.45108747482299805,
128,1630738107.8938062,0.4563314914703369,
129,1630738338.893666,0.40856850147247314,
130,1630738574.4039257,0.3744674623012543,
131,1630738807.265337,0.35629037022590637,
132,1630739034.906399,0.44076022505760193,
