gripper,file,epoch,in_paper_series,n,mean,median,std,p5,p95,min,max
barrett,epoch_0,0,True,100,75.418,76.088,21.680,43.071,113.072,39.996,115.077
barrett,epoch_1,1,False,100,45.614,41.542,13.575,28.458,70.463,25.979,85.617
barrett,epoch_10,10,True,100,38.770,33.048,16.971,22.384,68.552,21.125,83.085
barrett,epoch_100,100,True,100,24.975,22.097,8.571,14.172,44.659,12.420,46.590
barrett,epoch_200,200,True,100,18.049,18.610,4.785,11.167,25.982,10.923,27.722
barrett,epoch_500,500,True,100,13.773,12.161,3.951,10.036,22.433,9.985,23.917
barrett,epoch1000,1000,False,100,12.034,11.187,2.792,9.289,17.163,8.785,24.975
barrett,epoch_1000,1000,True,100,35.480,36.519,7.907,19.892,42.824,14.929,59.668
barrett,epoch1500,1500,False,100,12.412,11.055,4.310,9.087,24.295,8.675,27.569
barrett,epoch_1500,1500,True,100,36.333,36.668,5.903,24.795,43.880,21.498,47.158
barrett,epoch_2000,2000,True,100,11.442,11.091,1.998,9.805,18.022,9.489,18.305
barrett,epoch_2500,2500,True,100,11.499,11.269,1.748,9.405,16.510,8.991,16.990
barrett,epoch_2885,2885,True,100,10.884,10.717,1.639,9.080,12.740,8.906,17.343
robotiq_3f,epoch_0,0,False,100,42.926,39.089,12.091,27.204,64.783,25.334,72.684
robotiq_3f,epoch_00,0,True,100,48.181,45.871,11.653,29.962,70.378,27.785,82.319
robotiq_3f,epoch_1,1,False,100,45.614,41.542,13.575,28.458,70.463,25.979,85.617
robotiq_3f,epoch_10,10,True,100,19.853,16.844,9.450,9.963,42.046,9.352,43.371
robotiq_3f,epoch_100,100,True,100,17.478,16.355,6.816,9.292,31.938,7.324,36.842
robotiq_3f,epoch_200,200,True,100,36.265,36.587,14.910,13.812,62.563,10.680,76.132
robotiq_3f,epoch_500,500,True,100,33.288,30.828,12.439,20.508,49.641,18.019,85.596
robotiq_3f,epoch_1000,1000,True,100,28.546,23.811,11.533,15.589,55.960,10.866,58.952
robotiq_3f,epoch_1500,1500,True,100,17.927,17.459,7.486,8.261,29.196,8.108,39.073
robotiq_3f,epoch_2000,2000,True,100,18.619,18.771,6.347,8.389,28.037,8.059,38.797
robotiq_3f,epoch_2500,2500,True,100,17.545,16.522,7.024,8.327,36.528,7.637,38.399
robotiq_3f,epoch_2885,2885,True,100,18.929,18.994,7.170,8.720,37.442,8.172,38.574
ruth,epoch_0,0,True,100,84.254,85.166,24.150,45.840,129.481,41.338,135.414
ruth,epoch_10,10,True,100,41.565,29.758,19.969,19.277,79.738,14.165,82.514
ruth,epoch_100,100,True,100,36.939,28.683,18.332,17.809,71.711,14.096,80.325
ruth,epoch_200,200,True,20,25.307,20.041,13.092,10.605,49.176,10.272,50.212
ruth,epoch_500,500,True,100,43.063,43.352,14.898,20.445,80.238,9.879,84.234
ruth,epoch_1000,1000,True,100,26.064,23.019,11.912,9.175,47.091,8.602,57.666
ruth,epoch_1500,1500,True,100,39.863,42.266,8.981,23.305,56.710,13.488,59.704
ruth,epoch_2000,2000,True,100,18.283,16.651,6.248,11.482,34.308,10.527,35.770
ruth,epoch_2500,2500,True,100,17.900,16.872,5.991,12.058,33.724,9.464,34.606
ruth,epoch_2885,2885,True,100,15.541,15.229,4.679,8.822,24.138,8.300,29.427
